sweep,algorithm,n,population,trial,seed,solved,outcome,seconds,work
crossover,backtrack,8,0,0,0,1,solved,6e-06,113
crossover,backtrack,8,0,1,0,1,solved,4e-06,113
crossover,backtrack,8,0,2,0,1,solved,6e-06,113
crossover,genetic,8,0,0,8000025,1,solved,0.000665,12
crossover,genetic,8,0,1,8000026,1,solved,0.000379,13
crossover,genetic,8,0,2,8000027,1,solved,0.000406,14
crossover,genetic,8,0,3,8000028,1,solved,0.00041,12
crossover,genetic,8,0,4,8000029,1,solved,0.00061,16
crossover,genetic,8,0,5,8000030,1,solved,0.000621,20
crossover,genetic,8,0,6,8000031,1,solved,0.00127,24
crossover,backtrack,9,0,0,0,1,solved,4e-06,41
crossover,backtrack,9,0,1,0,1,solved,3e-06,41
crossover,backtrack,9,0,2,0,1,solved,2e-06,41
crossover,genetic,9,0,0,9000028,1,solved,0.000925,24
crossover,genetic,9,0,1,9000029,1,solved,0.001555,28
crossover,genetic,9,0,2,9000030,1,solved,0.000582,11
crossover,genetic,9,0,3,9000031,1,solved,0.000757,26
crossover,genetic,9,0,4,9000032,1,solved,0.000582,14
crossover,genetic,9,0,5,9000033,1,solved,0.002563,47
crossover,genetic,9,0,6,9000034,1,solved,0.001419,22
crossover,backtrack,10,0,0,0,1,solved,5e-06,102
crossover,backtrack,10,0,1,0,1,solved,5e-06,102
crossover,backtrack,10,0,2,0,1,solved,4e-06,102
crossover,genetic,10,0,0,10000031,1,solved,0.002326,47
crossover,genetic,10,0,1,10000032,1,solved,0.001412,44
crossover,genetic,10,0,2,10000033,1,solved,0.003009,66
crossover,genetic,10,0,3,10000034,0,stalled,0.073563,2016
crossover,genetic,10,0,4,10000035,0,stalled,0.074187,2014
crossover,genetic,10,0,5,10000036,1,solved,0.00219,54
crossover,genetic,10,0,6,10000037,1,solved,0.002385,32
crossover,backtrack,11,0,0,0,1,solved,2e-06,52
crossover,backtrack,11,0,1,0,1,solved,3e-06,52
crossover,backtrack,11,0,2,0,1,solved,4e-06,52
crossover,genetic,11,0,0,11000034,0,stalled,0.075428,2016
crossover,genetic,11,0,1,11000035,1,solved,0.001487,44
crossover,genetic,11,0,2,11000036,1,solved,0.001735,54
crossover,genetic,11,0,3,11000037,0,stalled,0.104062,2025
crossover,genetic,11,0,4,11000038,0,stalled,0.086774,2027
crossover,genetic,11,0,5,11000039,1,solved,0.003533,48
crossover,genetic,11,0,6,11000040,1,solved,0.002279,67
crossover,backtrack,12,0,0,0,1,solved,1.4e-05,261
crossover,backtrack,12,0,1,0,1,solved,1.1e-05,261
crossover,backtrack,12,0,2,0,1,solved,1.1e-05,261
crossover,genetic,12,0,0,12000037,1,solved,0.002363,64
crossover,genetic,12,0,1,12000038,0,stalled,0.104753,2041
crossover,genetic,12,0,2,12000039,1,solved,0.002919,55
crossover,genetic,12,0,3,12000040,1,solved,0.004778,81
crossover,genetic,12,0,4,12000041,1,solved,0.003578,95
crossover,genetic,12,0,5,12000042,1,solved,0.055271,1206
crossover,genetic,12,0,6,12000043,1,solved,0.001621,47
crossover,backtrack,13,0,0,0,1,solved,8e-06,111
crossover,backtrack,13,0,1,0,1,solved,7e-06,111
crossover,backtrack,13,0,2,0,1,solved,6e-06,111
crossover,genetic,13,0,0,13000040,1,solved,0.004758,53
crossover,genetic,13,0,1,13000041,1,solved,0.003776,95
crossover,genetic,13,0,2,13000042,1,solved,0.006634,167
crossover,genetic,13,0,3,13000043,1,solved,0.002361,66
crossover,genetic,13,0,4,13000044,1,solved,0.019939,415
crossover,genetic,13,0,5,13000045,1,solved,0.007265,87
crossover,genetic,13,0,6,13000046,0,stalled,0.087168,2029
crossover,backtrack,14,0,0,0,1,solved,8.4e-05,1899
crossover,backtrack,14,0,1,0,1,solved,0.000125,1899
crossover,backtrack,14,0,2,0,1,solved,8.4e-05,1899
crossover,genetic,14,0,0,14000043,1,solved,0.00316,45
crossover,genetic,14,0,1,14000044,1,solved,0.007653,144
crossover,genetic,14,0,2,14000045,1,solved,0.003432,91
crossover,genetic,14,0,3,14000046,1,solved,0.00335,60
crossover,genetic,14,0,4,14000047,1,solved,0.009555,255
crossover,genetic,14,0,5,14000048,0,stalled,0.112315,2031
crossover,genetic,14,0,6,14000049,1,solved,0.002255,58
crossover,backtrack,15,0,0,0,1,solved,6.6e-05,1359
crossover,backtrack,15,0,1,0,1,solved,6.6e-05,1359
crossover,backtrack,15,0,2,0,1,solved,8.6e-05,1359
crossover,genetic,15,0,0,15000046,1,solved,0.001844,42
crossover,genetic,15,0,1,15000047,1,solved,0.005487,73
crossover,genetic,15,0,2,15000048,0,stalled,0.113305,2060
crossover,genetic,15,0,3,15000049,1,solved,0.12014,1877
crossover,genetic,15,0,4,15000050,1,solved,0.054043,1110
crossover,genetic,15,0,5,15000051,1,solved,0.004738,69
crossover,genetic,15,0,6,15000052,1,solved,0.09892,1442
crossover,backtrack,16,0,0,0,1,solved,0.000633,10052
crossover,backtrack,16,0,1,0,1,solved,0.000471,10052
crossover,backtrack,16,0,2,0,1,solved,0.000639,10052
crossover,genetic,16,0,0,16000049,1,solved,0.027168,250
crossover,genetic,16,0,1,16000050,1,solved,0.006038,53
crossover,genetic,16,0,2,16000051,1,solved,0.004234,63
crossover,genetic,16,0,3,16000052,1,solved,0.00682,125
crossover,genetic,16,0,4,16000053,1,solved,0.013134,301
crossover,genetic,16,0,5,16000054,1,solved,0.008308,76
crossover,genetic,16,0,6,16000055,1,solved,0.013054,110
crossover,backtrack,17,0,0,0,1,solved,0.000344,5374
crossover,backtrack,17,0,1,0,1,solved,0.000344,5374
crossover,backtrack,17,0,2,0,1,solved,0.000265,5374
crossover,genetic,17,0,0,17000052,1,solved,0.005678,123
crossover,genetic,17,0,1,17000053,1,solved,0.005473,69
crossover,genetic,17,0,2,17000054,1,solved,0.052905,740
crossover,genetic,17,0,3,17000055,1,solved,0.011893,139
crossover,genetic,17,0,4,17000056,1,solved,0.003895,69
crossover,genetic,17,0,5,17000057,1,solved,0.006654,111
crossover,genetic,17,0,6,17000058,1,solved,0.05285,464
crossover,backtrack,18,0,0,0,1,solved,0.002817,41299
crossover,backtrack,18,0,1,0,1,solved,0.002173,41299
crossover,backtrack,18,0,2,0,1,solved,0.002038,41299
crossover,genetic,18,0,0,18000055,1,solved,0.005707,56
crossover,genetic,18,0,1,18000056,1,solved,0.008597,109
crossover,genetic,18,0,2,18000057,1,solved,0.013252,226
crossover,genetic,18,0,3,18000058,1,solved,0.016076,142
crossover,genetic,18,0,4,18000059,1,solved,0.007251,63
crossover,genetic,18,0,5,18000060,1,solved,0.010469,104
crossover,genetic,18,0,6,18000061,1,solved,0.022856,312
crossover,backtrack,19,0,0,0,1,solved,0.000127,2545
crossover,backtrack,19,0,1,0,1,solved,0.000141,2545
crossover,backtrack,19,0,2,0,1,solved,0.000124,2545
crossover,genetic,19,0,0,19000058,1,solved,0.012733,159
crossover,genetic,19,0,1,19000059,1,solved,0.007599,87
crossover,genetic,19,0,2,19000060,1,solved,0.045434,335
crossover,genetic,19,0,3,19000061,1,solved,0.00622,110
crossover,genetic,19,0,4,19000062,1,solved,0.015826,105
crossover,genetic,19,0,5,19000063,1,solved,0.021465,312
crossover,genetic,19,0,6,19000064,1,solved,0.014675,123
crossover,backtrack,20,0,0,0,1,solved,0.012441,199635
crossover,backtrack,20,0,1,0,1,solved,0.013088,199635
crossover,backtrack,20,0,2,0,1,solved,0.013603,199635
crossover,genetic,20,0,0,20000061,1,solved,0.015248,168
crossover,genetic,20,0,1,20000062,1,solved,0.014131,118
crossover,genetic,20,0,2,20000063,1,solved,0.072253,535
crossover,genetic,20,0,3,20000064,1,solved,0.00589,108
crossover,genetic,20,0,4,20000065,1,solved,0.043711,396
crossover,genetic,20,0,5,20000066,1,solved,0.127914,1182
crossover,genetic,20,0,6,20000067,1,solved,0.023698,351
crossover,backtrack,21,0,0,0,1,solved,0.000584,8562
crossover,backtrack,21,0,1,0,1,solved,0.000528,8562
crossover,backtrack,21,0,2,0,1,solved,0.00047,8562
crossover,genetic,21,0,0,21000064,1,solved,0.041478,340
crossover,genetic,21,0,1,21000065,1,solved,0.005435,84
crossover,genetic,21,0,2,21000066,0,stalled,0.216369,2070
crossover,genetic,21,0,3,21000067,1,solved,0.02112,187
crossover,genetic,21,0,4,21000068,1,solved,0.009665,69
crossover,genetic,21,0,5,21000069,1,solved,0.005674,72
crossover,genetic,21,0,6,21000070,1,solved,0.054268,565
crossover,backtrack,22,0,0,0,1,solved,0.122012,1737188
crossover,backtrack,22,0,1,0,1,solved,0.111096,1737188
crossover,backtrack,22,0,2,0,1,solved,0.117461,1737188
crossover,genetic,22,0,0,22000067,1,solved,0.02946,229
crossover,genetic,22,0,1,22000068,1,solved,0.043286,413
crossover,genetic,22,0,2,22000069,1,solved,0.013093,98
crossover,genetic,22,0,3,22000070,1,solved,0.026625,207
crossover,genetic,22,0,4,22000071,1,solved,0.007128,107
crossover,genetic,22,0,5,22000072,1,solved,0.01133,175
crossover,genetic,22,0,6,22000073,1,solved,0.030181,220
crossover,backtrack,23,0,0,0,1,solved,0.00131,25428
crossover,backtrack,23,0,1,0,1,solved,0.00143,25428
crossover,backtrack,23,0,2,0,1,solved,0.001785,25428
crossover,genetic,23,0,0,23000070,1,solved,0.062289,858
crossover,genetic,23,0,1,23000071,0,stalled,0.216604,2068
crossover,genetic,23,0,2,23000072,1,solved,0.014013,152
crossover,genetic,23,0,3,23000073,1,solved,0.101109,1129
crossover,genetic,23,0,4,23000074,1,solved,0.013922,145
crossover,genetic,23,0,5,23000075,0,stalled,0.218931,2088
crossover,genetic,23,0,6,23000076,1,solved,0.046447,343
crossover,backtrack,24,0,0,0,1,solved,0.024997,411608
crossover,backtrack,24,0,1,0,1,solved,0.026711,411608
crossover,backtrack,24,0,2,0,1,solved,0.027359,411608
crossover,genetic,24,0,0,24000073,1,solved,0.024276,138
crossover,genetic,24,0,1,24000074,1,solved,0.011892,82
crossover,genetic,24,0,2,24000075,1,solved,0.012472,110
crossover,genetic,24,0,3,24000076,0,stalled,0.302722,2226
crossover,genetic,24,0,4,24000077,1,solved,0.027925,195
crossover,genetic,24,0,5,24000078,1,solved,0.010119,95
crossover,genetic,24,0,6,24000079,1,solved,0.026769,181
crossover,backtrack,25,0,0,0,1,solved,0.002986,48683
crossover,backtrack,25,0,1,0,1,solved,0.00345,48683
crossover,backtrack,25,0,2,0,1,solved,0.003508,48683
crossover,genetic,25,0,0,25000076,1,solved,0.029128,188
crossover,genetic,25,0,1,25000077,1,solved,0.135735,1035
crossover,genetic,25,0,2,25000078,1,solved,0.02987,154
crossover,genetic,25,0,3,25000079,1,solved,0.078162,545
crossover,genetic,25,0,4,25000080,1,solved,0.015068,114
crossover,genetic,25,0,5,25000081,1,solved,0.006803,64
crossover,genetic,25,0,6,25000082,1,solved,0.020005,118
crossover,backtrack,26,0,0,0,1,solved,0.022776,397699
crossover,backtrack,26,0,1,0,1,solved,0.025519,397699
crossover,backtrack,26,0,2,0,1,solved,0.026096,397699
crossover,genetic,26,0,0,26000079,1,solved,0.045903,332
crossover,genetic,26,0,1,26000080,0,stalled,0.31108,2091
crossover,genetic,26,0,2,26000081,1,solved,0.019546,198
crossover,genetic,26,0,3,26000082,0,stalled,0.272975,2095
crossover,genetic,26,0,4,26000083,1,solved,0.020892,121
crossover,genetic,26,0,5,26000084,1,solved,0.1174,828
crossover,genetic,26,0,6,26000085,1,solved,0.0472,323
crossover,backtrack,27,0,0,0,1,solved,0.036432,454213
crossover,backtrack,27,0,1,0,1,solved,0.037847,454213
crossover,backtrack,27,0,2,0,1,solved,0.032983,454213
crossover,genetic,27,0,0,27000082,1,solved,0.033616,187
crossover,genetic,27,0,1,27000083,1,solved,0.327,1647
crossover,genetic,27,0,2,27000084,1,solved,0.06012,379
crossover,genetic,27,0,3,27000085,0,stalled,0.420904,2131
crossover,genetic,27,0,4,27000086,1,solved,0.143513,776
crossover,genetic,27,0,5,27000087,1,solved,0.057341,235
crossover,genetic,27,0,6,27000088,1,solved,0.043311,183
crossover,backtrack,28,0,0,0,1,solved,0.215032,3006298
crossover,backtrack,28,0,1,0,1,solved,0.215702,3006298
crossover,backtrack,28,0,2,0,1,solved,0.185023,3006298
crossover,genetic,28,0,0,28000085,1,solved,0.183169,1130
crossover,genetic,28,0,1,28000086,1,solved,0.097551,683
crossover,genetic,28,0,2,28000087,1,solved,0.121051,811
crossover,genetic,28,0,3,28000088,1,solved,0.068418,454
crossover,genetic,28,0,4,28000089,0,stalled,0.357359,2188
crossover,genetic,28,0,5,28000090,1,solved,0.025781,172
crossover,genetic,28,0,6,28000091,1,solved,0.339744,1996
crossover,backtrack,29,0,0,0,1,solved,0.10878,1532239
crossover,backtrack,29,0,1,0,1,solved,0.109269,1532239
crossover,backtrack,29,0,2,0,1,solved,0.108979,1532239
crossover,genetic,29,0,0,29000088,1,solved,0.06586,320
crossover,genetic,29,0,1,29000089,1,solved,0.021222,127
crossover,genetic,29,0,2,29000090,1,solved,0.076232,527
crossover,genetic,29,0,3,29000091,1,solved,0.022841,189
crossover,genetic,29,0,4,29000092,1,solved,0.075268,484
crossover,genetic,29,0,5,29000093,1,solved,0.137168,907
crossover,genetic,29,0,6,29000094,1,solved,0.043688,306
crossover,backtrack,30,0,0,0,1,solved,4.341809,56429619
crossover,backtrack,30,0,1,0,1,solved,3.694111,56429619
crossover,backtrack,30,0,2,0,1,solved,4.539692,56429619
crossover,genetic,30,0,0,30000091,1,solved,0.313152,1215
crossover,genetic,30,0,1,30000092,1,solved,0.35397,1632
crossover,genetic,30,0,2,30000093,1,solved,0.031892,139
crossover,genetic,30,0,3,30000094,1,solved,0.062695,248
crossover,genetic,30,0,4,30000095,0,stalled,0.399848,2103
crossover,genetic,30,0,5,30000096,1,solved,0.040907,181
crossover,genetic,30,0,6,30000097,1,solved,0.441018,1922
crossover,backtrack,31,0,0,0,1,solved,1.05015,13186250
crossover,backtrack,31,0,1,0,1,solved,0.968346,13186250
crossover,backtrack,31,0,2,0,1,solved,1.060937,13186250
crossover,genetic,31,0,0,31000094,1,solved,0.043563,175
crossover,genetic,31,0,1,31000095,1,solved,0.038308,167
crossover,genetic,31,0,2,31000096,1,solved,0.023599,165
crossover,genetic,31,0,3,31000097,1,solved,0.2333,1047
crossover,genetic,31,0,4,31000098,1,solved,0.187955,804
crossover,genetic,31,0,5,31000099,0,stalled,0.509438,2174
crossover,genetic,31,0,6,31000100,1,solved,0.142288,645
crossover,backtrack,32,0,0,0,1,solved,6.951447,87491425
crossover,genetic,32,0,0,32000097,1,solved,0.068924,278
crossover,genetic,32,0,1,32000098,0,stalled,0.462689,2171
crossover,genetic,32,0,2,32000099,0,stalled,0.514719,2113
crossover,genetic,32,0,3,32000100,1,solved,0.031734,129
crossover,genetic,32,0,4,32000101,1,solved,0.129131,551
crossover,genetic,32,0,5,32000102,1,solved,0.325827,1314
crossover,genetic,32,0,6,32000103,1,solved,0.209193,809
crossover,backtrack,33,0,0,0,1,solved,10.68795,139956636
crossover,genetic,33,0,0,33000100,1,solved,0.030942,140
crossover,genetic,33,0,1,33000101,1,solved,0.033003,152
crossover,genetic,33,0,2,33000102,1,solved,0.31722,1410
crossover,genetic,33,0,3,33000103,1,solved,0.100854,390
crossover,genetic,33,0,4,33000104,1,solved,0.130195,614
crossover,genetic,33,0,5,33000105,1,solved,0.044396,195
crossover,genetic,33,0,6,33000106,1,solved,0.213355,899
crossover,backtrack,34,0,0,0,1,solved,177.902569,2294605284
crossover,genetic,34,0,0,34000103,1,solved,0.463197,1505
crossover,genetic,34,0,1,34000104,1,solved,0.060514,158
crossover,genetic,34,0,2,34000105,1,solved,0.124085,440
crossover,genetic,34,0,3,34000106,0,stalled,0.69139,2130
crossover,genetic,34,0,4,34000107,1,solved,0.191483,470
crossover,genetic,34,0,5,34000108,1,solved,0.05645,155
crossover,genetic,34,0,6,34000109,1,solved,0.185684,529
crossover,backtrack,35,0,0,0,1,solved,18.282389,235549574
crossover,genetic,35,0,0,35000106,1,solved,0.096844,328
crossover,genetic,35,0,1,35000107,1,solved,0.070107,216
crossover,genetic,35,0,2,35000108,1,solved,0.140493,485
crossover,genetic,35,0,3,35000109,1,solved,0.264959,1066
crossover,genetic,35,0,4,35000110,1,solved,0.040732,163
crossover,genetic,35,0,5,35000111,1,solved,0.072164,256
crossover,genetic,35,0,6,35000112,1,solved,0.06279,203
crossover,backtrack,36,0,0,0,0,timeout,180.006423,2266103808
crossover,genetic,36,0,0,36000109,1,solved,0.127883,364
crossover,genetic,36,0,1,36000110,1,solved,0.103069,298
crossover,genetic,36,0,2,36000111,1,solved,0.562434,1748
crossover,genetic,36,0,3,36000112,1,solved,0.170851,662
crossover,genetic,36,0,4,36000113,0,stalled,0.621823,2172
crossover,genetic,36,0,5,36000114,1,solved,0.063186,213
crossover,genetic,36,0,6,36000115,0,stalled,0.572313,2147
crossover,backtrack,37,0,0,0,1,solved,96.612743,1013013193
crossover,genetic,37,0,0,37000112,1,solved,0.168957,491
crossover,genetic,37,0,1,37000113,1,solved,0.263446,597
crossover,genetic,37,0,2,37000114,1,solved,0.099962,311
crossover,genetic,37,0,3,37000115,1,solved,0.091619,245
crossover,genetic,37,0,4,37000116,1,solved,0.459678,1317
crossover,genetic,37,0,5,37000117,1,solved,0.281123,876
crossover,genetic,37,0,6,37000118,1,solved,0.126294,452
crossover,backtrack,38,0,0,0,0,timeout,180.046421,1681653760
crossover,genetic,38,0,0,38000115,1,solved,0.248393,654
crossover,genetic,38,0,1,38000116,1,solved,0.200247,538
crossover,genetic,38,0,2,38000117,1,solved,0.3007,601
crossover,genetic,38,0,3,38000118,1,solved,0.250652,590
crossover,genetic,38,0,4,38000119,1,solved,0.135689,249
crossover,genetic,38,0,5,38000120,1,solved,0.204438,435
crossover,genetic,38,0,6,38000121,1,solved,0.367554,745
crossover,backtrack,39,0,0,0,0,timeout,180.001894,1775697920
crossover,genetic,39,0,0,39000118,1,solved,0.212533,515
crossover,genetic,39,0,1,39000119,1,solved,0.111425,315
crossover,genetic,39,0,2,39000120,1,solved,0.088017,322
crossover,genetic,39,0,3,39000121,1,solved,0.062153,198
crossover,genetic,39,0,4,39000122,1,solved,0.152956,424
crossover,genetic,39,0,5,39000123,1,solved,0.946075,2148
crossover,genetic,39,0,6,39000124,1,solved,0.052681,252
crossover,genetic,40,0,0,40000121,1,solved,0.098216,218
crossover,genetic,40,0,1,40000122,1,solved,0.496049,886
crossover,genetic,40,0,2,40000123,1,solved,0.269052,247
crossover,genetic,40,0,3,40000124,1,solved,0.103876,223
crossover,genetic,40,0,4,40000125,1,solved,0.064154,142
crossover,genetic,40,0,5,40000126,1,solved,0.180759,366
crossover,genetic,40,0,6,40000127,1,solved,0.142175,304
crossover,genetic,45,0,0,45000136,1,solved,0.08134,180
crossover,genetic,45,0,1,45000137,0,stalled,1.555758,2174
crossover,genetic,45,0,2,45000138,1,solved,0.162701,261
crossover,genetic,45,0,3,45000139,1,solved,0.083378,158
crossover,genetic,45,0,4,45000140,1,solved,0.141429,300
crossover,genetic,45,0,5,45000141,1,solved,0.941209,1832
crossover,genetic,45,0,6,45000142,1,solved,0.664406,1334
crossover,genetic,50,0,0,50000151,1,solved,0.281276,376
crossover,genetic,50,0,1,50000152,1,solved,0.132139,233
crossover,genetic,50,0,2,50000153,1,solved,0.250325,334
crossover,genetic,50,0,3,50000154,1,solved,0.607996,846
crossover,genetic,50,0,4,50000155,1,solved,0.439715,595
crossover,genetic,50,0,5,50000156,1,solved,0.411712,757
crossover,genetic,50,0,6,50000157,1,solved,0.382702,567
crossover,genetic,60,0,0,60000181,1,solved,0.30807,298
crossover,genetic,60,0,1,60000182,0,stalled,2.986469,2467
crossover,genetic,60,0,2,60000183,1,solved,0.878355,617
crossover,genetic,60,0,3,60000184,0,stalled,2.37145,2242
crossover,genetic,60,0,4,60000185,0,stalled,2.435419,2206
crossover,genetic,60,0,5,60000186,1,solved,0.801503,709
crossover,genetic,60,0,6,60000187,1,solved,0.824118,788
crossover,genetic,70,0,0,70000211,0,stalled,4.64492,2375
crossover,genetic,70,0,1,70000212,1,solved,0.811594,370
crossover,genetic,70,0,2,70000213,1,solved,2.231348,1183
crossover,genetic,70,0,3,70000214,1,solved,1.065001,515
crossover,genetic,70,0,4,70000215,1,solved,1.058883,556
crossover,genetic,70,0,5,70000216,1,solved,2.214596,1054
crossover,genetic,70,0,6,70000217,1,solved,2.08407,1127
crossover,genetic,80,0,0,80000241,1,solved,0.675174,240
crossover,genetic,80,0,1,80000242,1,solved,2.730023,1161
crossover,genetic,80,0,2,80000243,1,solved,6.062339,2182
crossover,genetic,80,0,3,80000244,1,solved,1.892796,765
crossover,genetic,80,0,4,80000245,0,stalled,5.952009,2300
crossover,genetic,80,0,5,80000246,0,stalled,6.158414,2418
crossover,genetic,80,0,6,80000247,1,solved,5.892957,2007
crossover,genetic,100,0,0,100000301,0,stalled,12.875007,2253
crossover,genetic,100,0,1,100000302,0,stalled,14.183763,2547
crossover,genetic,100,0,2,100000303,1,solved,12.030492,2375
crossover,genetic,100,0,3,100000304,1,solved,11.899855,1843
crossover,genetic,100,0,4,100000305,1,solved,12.137433,1885
crossover,genetic,100,0,5,100000306,0,stalled,15.674178,2402
crossover,genetic,100,0,6,100000307,1,solved,5.657757,953
crossover,genetic,120,0,0,120000361,1,solved,8.925662,746
crossover,genetic,120,0,1,120000362,1,solved,9.410061,676
crossover,genetic,120,0,2,120000363,1,solved,26.530661,2521
crossover,genetic,120,0,3,120000364,1,solved,27.534184,2651
crossover,genetic,120,0,4,120000365,1,solved,17.381085,1914
crossover,genetic,120,0,5,120000366,1,solved,15.014023,1939
crossover,genetic,120,0,6,120000367,1,solved,6.391431,784
crossover,genetic,140,0,0,140000421,1,solved,13.293826,978
crossover,genetic,140,0,1,140000422,0,stalled,34.042581,2529
crossover,genetic,140,0,2,140000423,1,solved,27.166804,1894
crossover,genetic,140,0,3,140000424,1,solved,31.001404,1850
crossover,genetic,140,0,4,140000425,1,solved,11.66632,682
crossover,genetic,140,0,5,140000426,1,solved,17.742334,958
crossover,genetic,140,0,6,140000427,1,solved,28.315377,1690
crossover,genetic,160,0,0,160000481,1,solved,58.966966,2674
crossover,genetic,160,0,1,160000482,1,solved,45.891128,2044
crossover,genetic,160,0,2,160000483,0,stalled,85.062903,3922
crossover,genetic,160,0,3,160000484,0,stalled,58.76825,2745
crossover,genetic,160,0,4,160000485,0,stalled,71.548373,3297
